<?xml version="1.0" encoding="GB2312"?>
<?xml-stylesheet type="text/xsl" href="Bank.xsl"?>
<bank>
	<p>
		<name>PHPer</name>
		<age>18</age>
		<money>100</money>
	</p>
	<p>
		<name>Sir</name>
		<age>21</age>
		<money>200</money>
	</p>
	<p>
		<name>DBD</name>
		<age>18</age>
		<money>-10</money>
	</p>
	<p>
		<name>CJ</name>
		<age>18</age>
		<money>99</money>
	</p>
	<p>
		<name>Hacker</name>
		<age>20</age>
		<money>10000</money>
	</p>
	<p>
		<name>Banker</name>
		<age>30</age>
		<money>10389</money>
	</p>
</bank>
